,Year,Team,Total_Athletes,total_medal,Country_host,GDP,NOC,Population
0,1960,Argentina,4,4,Italy,,ARG,20619075.0
1,1960,Australia,33,46,Italy,,AUS,10276477.0
2,1960,Austria,3,3,Italy,,AUT,7047539.0
3,1960,Belgium,4,4,Italy,,BEL,9153489.0
4,1960,Brazil,13,13,Italy,,BRA,72207554.0
5,1960,Bulgaria,7,7,Italy,,BGR,7867374.0
6,1960,Canada,9,9,Italy,,CAN,17909009.0
7,1960,Czech Republic,21,22,Italy,,CZE,9602006.0
8,1960,Denmark,22,23,Italy,,DNK,4579603.0
9,1960,Ethiopia,1,1,Italy,,ETH,22151278.0
10,1960,Finland,6,6,Italy,,FIN,4429634.0
11,1960,France,12,12,Italy,,FRA,46814237.0
12,1960,Germany,81,89,Italy,,DEU,72814900.0
13,1960,Ghana,1,1,Italy,,GHA,6652287.0
14,1960,Greece,3,3,Italy,,GRC,8331725.0
15,1960,Hungary,59,66,Italy,,HUN,9983967.0
16,1960,India,13,13,Italy,,IND,449480608.0
17,1960,Iran,4,4,Italy,,IRN,21906903.0
18,1960,Iraq,1,1,Italy,,IRQ,7289761.0
19,1960,Italy,78,88,Italy,,ITA,50199700.0
20,1960,Japan,21,31,Italy,,JPN,92500572.0
21,1960,Mexico,1,1,Italy,,MEX,38174112.0
22,1960,Morocco,1,1,Italy,,MAR,12328532.0
23,1960,Netherlands,3,3,Italy,,NLD,11486631.0
24,1960,New Zealand,3,3,Italy,,NZL,2371800.0
25,1960,Norway,2,2,Italy,,NOR,3581239.0
26,1960,Pakistan,14,14,Italy,,PAK,44908293.0
27,1960,Poland,30,30,Italy,,POL,29637450.0
28,1960,Portugal,2,2,Italy,,PRT,8857716.0
29,1960,Romania,15,15,Italy,,ROU,18406905.0
30,1960,Russia,138,169,Italy,,RUS,119897000.0
31,1960,Serbia,17,17,Italy,,SRB,6702.961999999999
32,1960,Singapore,1,1,Italy,,SGP,1646400.0
33,1960,South Africa,3,3,Italy,,ZAF,17396367.0
34,1960,Spain,14,14,Italy,,ESP,30455000.0
35,1960,Sweden,6,7,Italy,,SWE,7484656.0
36,1960,Switzerland,11,12,Italy,,CHE,5327827.0
37,1960,Syria,2,2,Italy,,SYR,4573512.0
38,1960,Taiwan,1,1,Italy,,TPE,11046.258500000004
39,1960,Trinidad,4,5,Italy,,TTO,848479.0
40,1960,Turkey,9,9,Italy,,TUR,27472331.0
41,1960,UK,24,28,Italy,,GBR,52400000.0
42,1960,USA,104,125,Italy,,USA,180671000.0
43,1960,Venezuela,1,1,Italy,,VEN,8146847.0
44,1964,Argentina,1,1,Japan,18272123664.0,ARG,21953929.0
45,1964,Australia,38,44,Japan,21527606675.0,AUS,11167000.0
46,1964,Bahamas,2,2,Japan,,BHS,133698.0
47,1964,Belgium,3,3,Japan,14260017387.0,BEL,9378113.0
48,1964,Brazil,12,12,Japan,23021477292.0,BRA,81168654.0
49,1964,Bulgaria,10,10,Japan,,BGR,8144340.0
50,1964,Canada,5,5,Japan,44657169109.0,CAN,19325000.0
51,1964,Cuba,1,1,Japan,3085491848.2222223,CUB,7787146.0
52,1964,Czech Republic,51,54,Japan,,CZE,9727804.0
53,1964,Denmark,12,12,Japan,,DNK,4722072.0
54,1964,Ethiopia,1,1,Japan,319890971316.0,ETH,24397024.0
55,1964,Finland,5,5,Japan,6885920329.0,FIN,4548543.0
56,1964,France,28,31,Japan,85551113767.0,FRA,49449403.0
57,1964,Germany,103,116,Japan,,DEU,75318337.0
58,1964,Ghana,1,1,Japan,1540797589.0,GHA,7513289.0
59,1964,Hungary,53,56,Japan,241100242865.75,HUN,10119835.0
60,1964,India,15,15,Japan,47776000903.0,IND,487484535.0
61,1964,Iran,2,2,Japan,,IRN,24308085.0
62,1964,Ireland,1,1,Japan,2430843768.0,IRL,2866550.0
63,1964,Italy,46,51,Japan,57710743060.0,ITA,51675350.0
64,1964,Japan,54,62,Japan,69498131797.0,JPN,97826000.0
65,1964,Kenya,1,1,Japan,926589349.0,KEN,9200157.0
66,1964,Mexico,1,1,Japan,16936336000.0,MEX,43264272.0
67,1964,Netherlands,29,31,Japan,,NLD,12127120.0
68,1964,New Zealand,5,6,Japan,6638937283.0,NZL,2585400.0
69,1964,Nigeria,1,1,Japan,,NGA,49066059.0
70,1964,Pakistan,16,16,Japan,4540529105.0,PAK,49551904.0
71,1964,Philippines,1,1,Japan,,PHL,29962876.0
72,1964,Poland,41,46,Japan,6989699268.0,POL,31139450.0
73,1964,Romania,14,16,Japan,513784800000.0,ROU,18919126.0
74,1964,Russia,151,174,Japan,,RUS,125345000.0
75,1964,Serbia,14,15,Japan,,SRB,6968.213000000002
76,1964,South Korea,3,3,Japan,3988246109.0,KOR,27984155.0
77,1964,Sweden,15,15,Japan,18954132366.0,SWE,7661354.0
78,1964,Switzerland,5,6,Japan,,CHE,5789228.0
79,1964,Trinidad,4,6,Japan,678235373.0,TTO,903275.0
80,1964,Tunisia,2,2,Japan,5516895464.5,TUN,4458611.0
81,1964,Turkey,6,6,Japan,10355555556.0,TUR,30244232.0
82,1964,UK,24,28,Japan,85443766670.0,GBR,54000000.0
83,1964,USA,142,169,Japan,638600000000.0,USA,191889000.0
84,1964,Uruguay,1,1,Japan,,URY,2665390.0
85,1968,Argentina,2,2,Meixo,24256667553.0,ARG,23261278.0
86,1968,Australia,45,51,Meixo,30421099787.0,AUS,12009000.0
87,1968,Austria,5,5,Meixo,11579431669.0,AUT,7415403.0
88,1968,Belgium,3,3,Meixo,19992040788.0,BEL,9618756.0
89,1968,Brazil,4,4,Meixo,30591834054.0,BRA,90557064.0
90,1968,Bulgaria,26,26,Meixo,,BGR,8369603.0
91,1968,Cameroon,1,1,Meixo,934079050.0,CMR,6208282.0
92,1968,Canada,8,10,Meixo,64768831262.0,CAN,20744000.0
93,1968,Cuba,10,10,Meixo,4348182194.222222,CUB,8413327.0
94,1968,Czech Republic,24,29,Meixo,,CZE,9876346.0
95,1968,Denmark,16,17,Meixo,,DNK,4864883.0
96,1968,Ethiopia,1,2,Meixo,451329039742.6667,ETH,26946079.0
97,1968,Finland,4,4,Meixo,9368954010.0,FIN,4626469.0
98,1968,France,22,27,Meixo,119466000000.0,FRA,51276054.0
99,1968,Germany,96,103,Meixo,,DEU,77294314.0
100,1968,Greece,1,1,Meixo,,GRC,8740765.0
101,1968,Hungary,75,81,Meixo,316417320019.75,HUN,10255815.0
102,1968,India,14,16,Meixo,49466168893.0,IND,529967317.0
103,1968,Iran,5,5,Meixo,,IRN,27032943.0
104,1968,Italy,31,33,Meixo,81133120065.0,ITA,53235750.0
105,1968,Jamaica,1,1,Meixo,1148025407.0,JAM,1825633.0
106,1968,Japan,52,63,Meixo,123782000000.0,JPN,101061000.0
107,1968,Kenya,10,12,Meixo,1232559506.0,KEN,10502245.0
108,1968,Mexico,9,9,Meixo,26556376000.0,MEX,48894019.0
109,1968,Mongolia,4,4,Meixo,,MNG,1207104.0
110,1968,Netherlands,14,14,Meixo,,NLD,12729721.0
111,1968,New Zealand,7,7,Meixo,5961418094.0,NZL,2748100.0
112,1968,Norway,6,6,Meixo,9514496703.0,NOR,3816486.0
113,1968,Pakistan,13,13,Meixo,7403821903.0,PAK,55042397.0
114,1968,Poland,36,37,Meixo,7670775757.0,POL,32294655.0
115,1968,Romania,23,23,Meixo,190272193.5,ROU,19799831.0
116,1968,Russia,159,192,Meixo,,RUS,128928000.0
117,1968,Serbia,28,29,Meixo,,SRB,7214.0205
118,1968,South Korea,2,2,Meixo,4854576371.0,KOR,30838302.0
119,1968,Sweden,8,9,Meixo,27463409202.0,SWE,7912273.0
120,1968,Switzerland,13,13,Meixo,,CHE,6067714.0
121,1968,Taiwan,1,1,Meixo,,TPE,14215.584500000004
122,1968,Tunisia,1,2,Meixo,1085714286.0,TUN,4842167.0
123,1968,Turkey,2,2,Meixo,15666666667.0,TUR,33256432.0
124,1968,UK,18,19,Meixo,111185000000.0,GBR,55211700.0
125,1968,USA,116,166,Meixo,861700000000.0,USA,200706000.0
126,1968,Uganda,2,2,Meixo,967647059.0,UGA,8872920.0
127,1968,Venezuela,1,1,Meixo,10356422222.0,VEN,10881995.0
128,1972,Argentina,1,1,Germany,33293199095.0,ARG,24782949.0
129,1972,Australia,14,20,Germany,45183111211.0,AUS,13177000.0
130,1972,Austria,3,3,Germany,17858485957.0,AUT,7544201.0
131,1972,Belgium,2,2,Germany,29981290025.0,BEL,9711115.0
132,1972,Brazil,2,2,Germany,49204456700.0,BRA,100143598.0
133,1972,Bulgaria,22,22,Germany,,BGR,8576200.0
134,1972,Canada,10,11,Germany,99271961478.0,CAN,21993631.0
135,1972,Colombia,3,3,Germany,7820380971.0,COL,23146803.0
136,1972,Cuba,21,22,Germany,6914658400.0,CUB,9025300.0
137,1972,Czech Republic,28,29,Germany,,CZE,9867632.0
138,1972,Denmark,1,1,Germany,,DNK,4991596.0
139,1972,Ethiopia,2,2,Germany,660488265788.3334,ETH,30132580.0
140,1972,Finland,9,10,Germany,12536710287.0,FIN,4639657.0
141,1972,France,21,22,Germany,166564000000.0,FRA,52959228.0
142,1972,Germany,223,253,Germany,,DEU,78688452.0
143,1972,Ghana,1,1,Germany,2417108578.0,GHA,9083573.0
144,1972,Greece,2,2,Germany,,GRC,8888628.0
145,1972,Hungary,74,81,Germany,442832226562.5,HUN,10398489.0
146,1972,India,14,14,Germany,66452561868.0,IND,579411513.0
147,1972,Iran,3,3,Germany,,IRN,30074298.0
148,1972,Italy,21,25,Germany,124261000000.0,ITA,54381345.0
149,1972,Jamaica,1,1,Germany,1539865514.0,JAM,1934828.0
150,1972,Japan,40,56,Germany,238915000000.0,JPN,107188000.0
151,1972,Kenya,10,12,Germany,1778391289.0,KEN,12083188.0
152,1972,Lebanon,1,1,Germany,,LBN,2416735.0
153,1972,Mexico,1,1,Germany,39200880000.0,MEX,55478151.0
154,1972,Mongolia,1,1,Germany,,MNG,1356670.0
155,1972,Netherlands,5,6,Germany,,NLD,13328593.0
156,1972,New Zealand,14,14,Germany,7912290825.0,NZL,2903900.0
157,1972,Niger,1,1,Germany,,NER,4768078.0
158,1972,Nigeria,1,1,Germany,,NGA,58662603.0
159,1972,North Korea,15,15,Germany,7424656183.5,PRK,15207771.0
160,1972,Norway,8,8,Germany,14583114840.0,NOR,3933004.0
161,1972,Pakistan,15,15,Germany,10602058190.0,PAK,61338261.0
162,1972,Poland,45,46,Germany,11041529462.5,POL,33055650.0
163,1972,Romania,39,40,Germany,332784248.6666667,ROU,20657957.0
164,1972,Russia,185,214,Germany,,RUS,131909000.0
165,1972,Serbia,18,18,Germany,,SRB,7424.7385
166,1972,South Korea,1,1,Germany,9889961112.0,KOR,33505406.0
167,1972,Spain,1,1,Germany,46492797365.0,ESP,34604469.0
168,1972,Sweden,19,22,Germany,40980345656.0,SWE,8122300.0
169,1972,Switzerland,8,8,Germany,,CHE,6260956.0
170,1972,Tunisia,1,1,Germany,1685217059.0,TUN,5287543.0
171,1972,Turkey,1,1,Germany,16256619964.0,TUR,36587225.0
172,1972,UK,27,29,Germany,148114000000.0,GBR,56086065.0
173,1972,USA,132,171,Germany,1167770000000.0,USA,209896000.0
174,1972,Uganda,2,2,Germany,1417787115.0,UGA,9988380.0
175,1976,Australia,23,23,Canada,97226546497.0,AUS,14033000.0
176,1976,Austria,1,1,Canada,40059206763.0,AUT,7565525.0
177,1976,Belgium,7,9,Canada,66029748931.0,BEL,9818227.0
178,1976,Bermuda,1,1,Canada,,BMU,53200.0
179,1976,Brazil,3,3,Canada,123709000000.0,BRA,110213082.0
180,1976,Bulgaria,39,39,Canada,,BGR,8758599.0
181,1976,Canada,19,23,Canada,173834000000.0,CAN,23518000.0
182,1976,Cuba,23,24,Canada,13027415244.0,CUB,9544271.0
183,1976,Czech Republic,14,15,Canada,,CZE,10125939.0
184,1976,Denmark,8,8,Canada,,DNK,5072596.0
185,1976,Finland,5,6,Canada,29494515597.0,FIN,4725664.0
186,1976,France,19,20,Canada,362001000000.0,FRA,54541493.0
187,1976,Germany,234,273,Canada,,DEU,78336950.0
188,1976,Hungary,51,55,Canada,873999413570.25,HUN,10598677.0
189,1976,Iran,2,2,Canada,,IRN,33737768.0
190,1976,Italy,30,31,Canada,226945000000.0,ITA,55718260.0
191,1976,Jamaica,1,2,Canada,2860411286.0,JAM,2055085.0
192,1976,Japan,32,41,Canada,518856000000.0,JPN,112771000.0
193,1976,Mexico,2,2,Canada,88003984000.0,MEX,62623763.0
194,1976,Mongolia,1,1,Canada,,MNG,1520865.0
195,1976,Netherlands,13,14,Canada,,NLD,13774037.0
196,1976,New Zealand,25,25,Canada,12861983284.0,NZL,3110500.0
197,1976,North Korea,2,2,Canada,13773906470.5,PRK,16554746.0
198,1976,Norway,6,6,Canada,32877805200.0,NOR,4026152.0
199,1976,Pakistan,16,16,Canada,11340000242.0,PAK,68813220.0
200,1976,Poland,72,73,Canada,25339318705.0,POL,34356300.0
201,1976,Portugal,2,2,Canada,,PRT,9355810.0
202,1976,Puerto Rico,1,1,Canada,,PRI,3043854.0
203,1976,Romania,48,55,Canada,1865810454.0,ROU,21551634.0
204,1976,Russia,257,286,Canada,,RUS,135147000.0
205,1976,Serbia,18,19,Canada,,SRB,7622.703000000001
206,1976,South Korea,17,17,Canada,21704752066.0,KOR,35848523.0
207,1976,Spain,6,6,Canada,114465000000.0,ESP,36137812.0
208,1976,Sweden,10,10,Canada,81716751698.0,SWE,8222286.0
209,1976,Switzerland,9,10,Canada,,CHE,6302504.0
210,1976,Thailand,1,1,Canada,14882747955.0,THA,43386841.0
211,1976,Trinidad,1,1,Canada,2442667573.0,TTO,1025658.0
212,1976,UK,31,32,Canada,241757000000.0,GBR,56211968.0
213,1976,USA,135,164,Canada,1688920000000.0,USA,218035000.0
214,1976,Venezuela,1,1,Canada,31303581395.0,VEN,13739142.0
215,1980,Australia,10,13,Russia,134794000000.0,AUS,14692000.0
216,1980,Austria,5,5,Russia,73937296655.0,AUT,7549433.0
217,1980,Belgium,1,1,Russia,116938000000.0,BEL,9859242.0
218,1980,Brazil,9,9,Russia,224969000000.0,BRA,121159761.0
219,1980,Bulgaria,87,90,Russia,,BGR,8861535.0
220,1980,Cuba,20,20,Russia,19584443288.0,CUB,9835177.0
221,1980,Czech Republic,51,51,Russia,,CZE,10304193.0
222,1980,Denmark,8,8,Russia,,DNK,5123027.0
223,1980,Ethiopia,3,4,Russia,2326573000000.0,ETH,35264898.0
224,1980,Finland,8,9,Russia,44498283621.0,FIN,4779535.0
225,1980,France,25,29,Russia,615834000000.0,FRA,55340782.0
226,1980,Germany,224,264,Russia,,DEU,78288576.0
227,1980,Greece,5,5,Russia,,GRC,9642505.0
228,1980,Guyana,1,1,Russia,530440000.0,GUY,780153.0
229,1980,Hungary,56,61,Russia,1396871750000.0,HUN,10711122.0
230,1980,India,16,16,Russia,150951000000.0,IND,696783517.0
231,1980,Ireland,3,3,Russia,18341273533.0,IRL,3412800.0
232,1980,Italy,35,37,Russia,392379000000.0,ITA,56433883.0
233,1980,Jamaica,3,3,Russia,2425033998.0,JAM,2163045.0
234,1980,Lebanon,1,1,Russia,,LBN,2605293.0
235,1980,Mexico,9,10,Russia,134540000000.0,MEX,69360871.0
236,1980,Mongolia,4,4,Russia,,MNG,1689622.0
237,1980,Netherlands,6,6,Russia,,NLD,14149800.0
238,1980,North Korea,5,5,Russia,19687719672.0,PRK,17472140.0
239,1980,Poland,49,50,Russia,46383051589.5,POL,35574150.0
240,1980,Romania,60,68,Russia,4125115619.0,ROU,22242653.0
241,1980,Russia,385,442,Russia,,RUS,139010000.0
242,1980,Serbia,57,57,Russia,,SRB,7796.279999999997
243,1980,Spain,23,24,Russia,214019000000.0,ESP,37491165.0
244,1980,Sweden,20,20,Russia,121647000000.0,SWE,8310531.0
245,1980,Switzerland,2,2,Russia,,CHE,6319408.0
246,1980,Tanzania,2,2,Russia,,TZA,18683157.0
247,1980,UK,43,47,Russia,438994000000.0,GBR,56314216.0
248,1980,Uganda,1,1,Russia,2139025000.0,UGA,12549540.0
249,1980,Venezuela,1,1,Russia,55653325581.0,VEN,15343916.0
250,1980,Zimbabwe,15,15,Russia,,ZWE,7164172.0
251,1984,Algeria,2,2,USA,,DZA,21893853.0
252,1984,Australia,46,52,USA,177176000000.0,AUS,15544000.0
253,1984,Austria,3,3,USA,72121016623.0,AUT,7561434.0
254,1984,Belgium,5,5,USA,87650915976.0,BEL,9855372.0
255,1984,Brazil,36,36,USA,203305000000.0,BRA,132800684.0
256,1984,Cameroon,1,1,USA,7381854747.0,CMR,9742263.0
257,1984,Canada,74,87,USA,340548000000.0,CAN,25702000.0
258,1984,China,64,74,USA,230687000000.0,CHN,1036825000.0
259,1984,China,64,74,USA,230687000000.0,HKG,5397900.0
260,1984,Colombia,1,1,USA,38729822782.0,COL,30350086.0
261,1984,Denmark,12,13,USA,,DNK,5111619.0
262,1984,Dominican Republic,1,1,USA,8622000100.0,DOM,6351572.0
263,1984,Egypt,1,1,USA,28137369499.0,EGY,48868951.0
264,1984,Finland,12,12,USA,51014090521.0,FIN,4881803.0
265,1984,France,63,67,USA,561852000000.0,FRA,56470769.0
266,1984,Germany,146,158,USA,,DEU,77858685.0
267,1984,Greece,2,2,USA,,GRC,9895801.0
268,1984,Iceland,1,1,USA,2788530415.0,ISL,239511.0
269,1984,Ireland,1,1,USA,20790917197.0,IRL,3532423.0
270,1984,Italy,58,63,USA,441581000000.0,ITA,56576718.0
271,1984,Ivory Coast,1,1,USA,6838185419.0,CIV,9826055.0
272,1984,Jamaica,6,7,USA,3619294121.0,JAM,2308947.0
273,1984,Japan,40,49,USA,1232340000000.0,JPN,120018000.0
274,1984,Kenya,3,3,USA,5979198464.0,KEN,18937738.0
275,1984,Mexico,5,6,USA,148867000000.0,MEX,75780605.0
276,1984,Morocco,2,2,USA,16251460689.0,MAR,22037610.0
277,1984,Netherlands,36,41,USA,,NLD,14424211.0
278,1984,New Zealand,19,23,USA,24308622503.0,NZL,3227100.0
279,1984,Nigeria,5,5,USA,,NGA,81497739.0
280,1984,Norway,4,4,USA,61627240831.0,NOR,4140099.0
281,1984,Pakistan,16,16,USA,28691890433.0,PAK,89228949.0
282,1984,Peru,1,1,USA,17345624454.0,PER,19099584.0
283,1984,Portugal,3,3,USA,,PRT,9996232.0
284,1984,Puerto Rico,2,2,USA,,PRI,3344190.0
285,1984,Romania,94,106,USA,4804950914.0,ROU,22655940.0
286,1984,Serbia,85,87,USA,,SRB,7875.051
287,1984,South Korea,41,41,USA,87024427973.0,KOR,40405956.0
288,1984,Spain,19,19,USA,170487000000.0,ESP,38330364.0
289,1984,Sweden,27,34,USA,103534000000.0,SWE,8336605.0
290,1984,Switzerland,12,13,USA,,CHE,6441865.0
291,1984,Syria,1,1,USA,17589184557.0,SYR,10293049.0
292,1984,Taiwan,1,1,USA,,TPE,19306.762500000004
293,1984,Thailand,1,1,USA,40042826244.0,THA,51108082.0
294,1984,Turkey,3,3,USA,61678280115.0,TUR,48114105.0
295,1984,UK,66,71,USA,489618000000.0,GBR,56422072.0
296,1984,USA,290,352,USA,3638140000000.0,USA,235825000.0
297,1984,Venezuela,3,3,USA,78540255814.0,VEN,17057785.0
298,1984,Zambia,1,1,USA,,ZMB,6738765.0
299,1988,Argentina,13,13,South Korea,111106000000.0,ARG,31795517.0
300,1988,Australia,33,35,South Korea,189376000000.0,AUS,16532200.0
301,1988,Austria,1,1,South Korea,124168000000.0,AUT,7585317.0
302,1988,Belgium,2,2,South Korea,150194000000.0,BEL,9901664.0
303,1988,Brazil,23,23,South Korea,294084000000.0,BRA,144001542.0
304,1988,Bulgaria,37,41,South Korea,,BGR,8981446.0
305,1988,Canada,22,23,South Korea,431317000000.0,CAN,26895000.0
306,1988,Chile,1,1,South Korea,107860703842.5,CHI,138187.0
307,1988,China,44,52,South Korea,272973000000.0,CHN,1101630000.0
308,1988,China,44,52,South Korea,272973000000.0,HKG,5627600.0
309,1988,Colombia,1,1,South Korea,36373307085.0,COL,32975535.0
310,1988,Costa Rica,1,1,South Korea,,CRC,2968.103000000001
311,1988,Curacao,1,1,South Korea,,CUW,149254.0
312,1988,Czech Republic,9,10,South Korea,,CZE,10355276.0
313,1988,Denmark,7,7,South Korea,,DNK,5129516.0
314,1988,Djibouti,1,1,South Korea,373371738.0,DJI,528999.0
315,1988,Finland,4,4,South Korea,91642093873.0,FIN,4946481.0
316,1988,France,27,29,South Korea,938368000000.0,FRA,57836486.0
317,1988,Germany,247,296,South Korea,,DEU,78144619.0
318,1988,Greece,1,1,South Korea,,GRC,10036983.0
319,1988,Hungary,38,44,South Korea,1997995000000.0,HUN,10596487.0
320,1988,Indonesia,3,3,South Korea,,IDN,175000916.0
321,1988,Iran,1,1,South Korea,,IRN,53075618.0
322,1988,Italy,27,29,South Korea,803055000000.0,ITA,56629288.0
323,1988,Jamaica,7,7,South Korea,3286987552.0,JAM,2393534.0
324,1988,Japan,18,20,South Korea,2514280000000.0,JPN,122613000.0
325,1988,Kenya,9,9,South Korea,7970820531.0,KEN,21871442.0
326,1988,Mexico,2,2,South Korea,140264000000.0,MEX,82083919.0
327,1988,Mongolia,1,1,South Korea,,MNG,2089714.0
328,1988,Morocco,3,3,South Korea,21765261042.0,MAR,23961820.0
329,1988,Netherlands,45,45,South Korea,,NLD,14760094.0
330,1988,New Zealand,20,24,South Korea,40377592077.0,NZL,3283400.0
331,1988,Norway,22,22,South Korea,94230055659.0,NOR,4209488.0
332,1988,Pakistan,1,1,South Korea,33351528115.0,PAK,101474835.0
333,1988,Peru,12,12,South Korea,20702298397.0,PER,20909895.0
334,1988,Philippines,1,1,South Korea,,PHL,58845205.0
335,1988,Poland,19,21,South Korea,50892164709.0,POL,37824487.0
336,1988,Portugal,1,1,South Korea,,PRT,10019610.0
337,1988,Romania,38,58,South Korea,38413636364.0,ROU,23057662.0
338,1988,Russia,264,300,South Korea,,RUS,146857000.0
339,1988,Senegal,1,1,South Korea,5040708115.0,SEN,7107976.0
340,1988,Serbia,62,63,South Korea,,SRB,7884.455499999999
341,1988,South Korea,72,77,South Korea,146133000000.0,KOR,42031247.0
342,1988,Spain,5,5,South Korea,317882000000.0,ESP,38766939.0
343,1988,Suriname,1,1,South Korea,979850000.0,SUR,391391.0
344,1988,Sweden,15,16,South Korea,180429000000.0,SWE,8436489.0
345,1988,Switzerland,7,8,South Korea,,CHE,6593386.0
346,1988,Thailand,1,1,South Korea,50535438696.0,THA,54912334.0
347,1988,Turkey,2,2,South Korea,87172789528.0,TUR,52053704.0
348,1988,UK,49,54,South Korea,745163000000.0,GBR,56928327.0
349,1988,USA,173,207,South Korea,4870220000000.0,USA,244499000.0
350,1988,"Virgin Islands, US",1,1,South Korea,,VIR,104500.0
351,1992,Algeria,2,2,Spain,,DZA,27181094.0
352,1992,Argentina,2,2,Spain,189720000000.0,ARG,33655151.0
353,1992,Australia,53,57,Spain,326069000000.0,AUS,17495000.0
354,1992,Austria,6,6,Spain,173794000000.0,AUT,7840709.0
355,1992,Bahamas,1,1,Spain,,BHS,266134.0
356,1992,Belgium,3,3,Spain,211638000000.0,BEL,10045158.0
357,1992,Brazil,14,14,Spain,602860000000.0,BRA,154564278.0
358,1992,Bulgaria,16,17,Spain,,BGR,8540164.0
359,1992,Canada,37,44,Spain,610328000000.0,CAN,28519597.0
360,1992,China,68,82,Spain,383373000000.0,CHN,1164970000.0
361,1992,China,68,82,Spain,383373000000.0,HKG,5800500.0
362,1992,Colombia,1,1,Spain,41239551378.0,COL,35558682.0
363,1992,Croatia,14,15,Spain,,HRV,4470000.0
364,1992,Cuba,68,69,Spain,24316556026.0,CUB,10733363.0
365,1992,Czech Republic,8,8,Spain,,CZE,10319123.0
366,1992,Denmark,14,14,Spain,,DNK,5171370.0
367,1992,Estonia,3,3,Spain,294531434178.5,EST,1533091.0
368,1992,Ethiopia,3,3,Spain,13463868357.0,ETH,51647768.0
369,1992,Finland,7,7,Spain,127866000000.0,FIN,5041992.0
370,1992,France,56,57,Spain,1275560000000.0,FRA,58851216.0
371,1992,Germany,175,198,Spain,,DEU,80624598.0
372,1992,Ghana,20,20,Spain,6596546196.0,GHA,15463854.0
373,1992,Greece,2,2,Spain,,GRC,10399061.0
374,1992,Hungary,35,45,Spain,34748508332.0,HUN,10369341.0
375,1992,Individual Olympic Athletes,3,3,Spain,,IOA,
376,1992,Indonesia,6,6,Spain,,IDN,187766086.0
377,1992,Iran,3,3,Spain,,IRN,58260738.0
378,1992,Ireland,2,2,Spain,49847127266.0,IRL,3558430.0
379,1992,Israel,2,2,Spain,67530220219.0,ISR,5123000.0
380,1992,Italy,44,45,Spain,1242110000000.0,ITA,56797087.0
381,1992,Jamaica,3,4,Spain,4071219198.0,JAM,2465362.0
382,1992,Japan,44,47,Spain,3578140000000.0,JPN,124229000.0
383,1992,Kenya,8,8,Spain,8151479004.0,KEN,24963953.0
384,1992,Latvia,3,3,Spain,,LVA,2614338.0
385,1992,Lithuania,13,13,Spain,1122305939397.5,LTU,3700114.0
386,1992,Malaysia,2,2,Spain,,MYS,19012724.0
387,1992,Mexico,1,1,Spain,314454000000.0,MEX,88828310.0
388,1992,Mongolia,2,2,Spain,,MNG,2243502.0
389,1992,Morocco,3,3,Spain,32285388165.0,MAR,25791494.0
390,1992,Namibia,1,2,Spain,3012742078.0,NAM,1513721.0
391,1992,Netherlands,32,33,Spain,,NLD,15184166.0
392,1992,New Zealand,14,15,Spain,42745329732.0,NZL,3531700.0
393,1992,Nigeria,11,11,Spain,,NGA,100221563.0
394,1992,North Korea,9,10,Spain,60764706980.5,PRK,20937404.0
395,1992,Norway,22,23,Spain,121872000000.0,NOR,4286401.0
396,1992,Pakistan,16,16,Spain,45451960732.0,PAK,113747135.0
397,1992,Peru,1,1,Spain,34672122381.0,PER,22737056.0
398,1992,Philippines,1,1,Spain,,PHL,65075486.0
399,1992,Poland,45,46,Spain,85500935935.0,POL,38363667.0
400,1992,Puerto Rico,1,1,Spain,,PRI,3585176.0
401,1992,Qatar,1,1,Spain,6883516484.0,QAT,495517.0
402,1992,Romania,42,53,Spain,28998684211.0,ROU,22794284.0
403,1992,Russia,186,220,Spain,,RUS,148689000.0
404,1992,Slovenia,6,6,Spain,,SVN,1996498.0
405,1992,South Africa,3,3,Spain,,ZAF,38646788.0
406,1992,South Korea,45,49,Spain,325734000000.0,KOR,43747962.0
407,1992,Spain,68,69,Spain,575599000000.0,ESP,39157685.0
408,1992,Suriname,1,1,Spain,448300000.0,SUR,422763.0
409,1992,Sweden,32,35,Spain,270363000000.0,SWE,8668067.0
410,1992,Switzerland,1,1,Spain,,CHE,6875364.0
411,1992,Taiwan,20,20,Spain,,TPE,20982.088
412,1992,Thailand,1,1,Spain,98234695722.0,THA,57837878.0
413,1992,Turkey,6,6,Spain,150028000000.0,TUR,55748875.0
414,1992,UK,47,50,Spain,1142800000000.0,GBR,57580402.0
415,1992,USA,185,224,Spain,6174040000000.0,USA,256514000.0
416,1996,Algeria,3,3,USA,,DZA,29411415.0
417,1996,Argentina,20,20,USA,258032000000.0,ARG,35419682.0
418,1996,Armenia,2,2,USA,1468317350.0,ARM,3168215.0
419,1996,Australia,123,132,USA,368392000000.0,AUS,18311000.0
420,1996,Austria,2,3,USA,241038000000.0,AUT,7959017.0
421,1996,Azerbaijan,1,1,USA,3052467522.0,AZE,7763000.0
422,1996,Bahamas,5,5,USA,,BHS,283790.0
423,1996,Belarus,20,23,USA,13972630804.0,BLR,10160000.0
424,1996,Belgium,6,6,USA,289567000000.0,BEL,10156637.0
425,1996,Brazil,62,63,USA,785643000000.0,BRA,164913306.0
426,1996,Bulgaria,21,21,USA,,BGR,8362826.0
427,1996,Burundi,1,1,USA,1000428394.0,BDI,6041112.0
428,1996,Canada,45,50,USA,604032000000.0,CAN,29671900.0
429,1996,China,95,107,USA,734548000000.0,CHN,1217550000.0
430,1996,China,95,107,USA,734548000000.0,HKG,6435500.0
431,1996,Costa Rica,1,1,USA,,CRC,3619.013
432,1996,Croatia,28,28,USA,,HRV,4494000.0
433,1996,Cuba,55,55,USA,30429803651.0,CUB,10961012.0
434,1996,Czech Republic,11,13,USA,59775697061.0,CZE,10315241.0
435,1996,Denmark,23,23,USA,,DNK,5263074.0
436,1996,Ecuador,1,1,USA,24432884442.0,ECU,11683479.0
437,1996,Ethiopia,3,3,USA,7663984568.0,ETH,59155148.0
438,1996,Finland,4,4,USA,134199000000.0,FIN,5124573.0
439,1996,France,45,51,USA,1609890000000.0,FRA,59753098.0
440,1996,Georgia,2,2,USA,2693731866.0,GEO,4616100.0
441,1996,Germany,108,124,USA,,DEU,81914831.0
442,1996,Greece,8,8,USA,,GRC,10608800.0
443,1996,Hungary,40,43,USA,46418916500.0,HUN,10311238.0
444,1996,India,1,1,USA,355476000000.0,IND,978893217.0
445,1996,Indonesia,6,6,USA,,IDN,199914831.0
446,1996,Iran,3,3,USA,,IRN,61583089.0
447,1996,Ireland,1,4,USA,69222624495.0,IRL,3637510.0
448,1996,Israel,1,1,USA,100343000000.0,ISR,5692000.0
449,1996,Italy,65,71,USA,1170790000000.0,ITA,56860281.0
450,1996,Jamaica,14,16,USA,5779285208.0,JAM,2561993.0
451,1996,Japan,42,42,USA,5449120000000.0,JPN,125757000.0
452,1996,Kazakhstan,10,11,USA,20374307047.0,KAZ,15577894.0
453,1996,Kenya,8,8,USA,9046326060.0,KEN,28147734.0
454,1996,Latvia,1,1,USA,,LVA,2457222.0
455,1996,Lithuania,11,11,USA,7870782261.0,LTU,3601613.0
456,1996,Malaysia,3,3,USA,,MYS,21023321.0
457,1996,Mexico,1,1,USA,343793000000.0,MEX,95687452.0
458,1996,Moldova,3,3,USA,1752975841.0,MDA,3667748.0
459,1996,Mongolia,1,1,USA,,MNG,2316567.0
460,1996,Morocco,2,2,USA,39030285468.0,MAR,27460603.0
461,1996,Mozambique,1,1,USA,2521738760.0,MOZ,16248232.0
462,1996,Namibia,1,2,USA,3942478206.0,NAM,1706489.0
463,1996,Netherlands,69,73,USA,,NLD,15530498.0
464,1996,New Zealand,7,9,USA,63918703507.0,NZL,3732000.0
465,1996,Nigeria,23,24,USA,,NGA,110732904.0
466,1996,North Korea,5,5,USA,80390665500.0,PRK,22113548.0
467,1996,Norway,22,23,USA,152027000000.0,NOR,4381336.0
468,1996,Philippines,1,1,USA,,PHL,71446107.0
469,1996,Poland,21,22,USA,142137000000.0,POL,38624370.0
470,1996,Portugal,3,3,USA,,PRT,10063945.0
471,1996,Puerto Rico,1,1,USA,,PRI,3724655.0
472,1996,Romania,30,38,USA,37662075750.0,ROU,22619004.0
473,1996,Russia,97,115,USA,395531000000.0,RUS,148160042.0
474,1996,Serbia,25,26,USA,,SRB,7807.721499999998
475,1996,Slovakia,3,3,USA,25733043137.0,SVK,5373361.0
476,1996,Slovenia,2,2,USA,,SVN,1988628.0
477,1996,South Africa,4,5,USA,,ZAF,42210216.0
478,1996,South Korea,63,66,USA,556131000000.0,KOR,45524681.0
479,1996,Spain,65,66,USA,612940000000.0,ESP,39889852.0
480,1996,Sweden,30,31,USA,264052000000.0,SWE,8840998.0
481,1996,Switzerland,11,11,USA,,CHE,7071850.0
482,1996,Syria,1,1,USA,11396706587.0,SYR,14755286.0
483,1996,Taiwan,1,1,USA,,TPE,21709.2765
484,1996,Thailand,2,2,USA,169279000000.0,THA,60151472.0
485,1996,Tonga,1,1,USA,,TGA,
486,1996,Trinidad,1,2,USA,5329214163.0,TTO,1258364.0
487,1996,Tunisia,1,1,USA,18030876599.0,TUN,9256037.0
488,1996,Turkey,6,6,USA,169486000000.0,TUR,59423208.0
489,1996,UK,25,26,USA,1335220000000.0,GBR,58166950.0
490,1996,USA,227,259,USA,7664060000000.0,USA,269394000.0
491,1996,Uganda,1,1,USA,5755818947.0,UGA,21202118.0
492,1996,Ukraine,31,34,USA,48213868178.0,UKR,51057189.0
493,1996,Uzbekistan,2,2,USA,13350468917.0,UZB,23225000.0
494,1996,Zambia,1,1,USA,,ZMB,9394304.0
495,2000,Algeria,5,5,Australia,,DZA,31183660.0
496,2000,Argentina,20,20,Australia,283523000000.0,ARG,37057452.0
497,2000,Armenia,1,1,Australia,1845482181.0,ARM,3069588.0
498,2000,Australia,161,183,Australia,389147000000.0,AUS,19153000.0
499,2000,Austria,4,4,Australia,217186000000.0,AUT,8011566.0
500,2000,Azerbaijan,3,3,Australia,4581222442.0,AZE,8048600.0
501,2000,Bahamas,10,11,Australia,,BHS,297890.0
502,2000,Barbados,1,1,Australia,,BRB,269847.0
503,2000,Belarus,21,22,Australia,12138485329.0,BLR,9979610.0
504,2000,Belgium,7,7,Australia,260202000000.0,BEL,10251250.0
505,2000,Brazil,48,48,Australia,599389000000.0,BRA,175287587.0
506,2000,Bulgaria,11,13,Australia,,BGR,8170172.0
507,2000,Cameroon,18,18,Australia,11198378749.0,CMR,15274234.0
508,2000,Canada,30,31,Australia,676083000000.0,CAN,30769700.0
509,2000,Chile,17,17,Australia,6262740657.0,CHI,148725.0
510,2000,China,63,79,Australia,1094000000000.0,CHN,1262645000.0
511,2000,China,63,79,Australia,1094000000000.0,HKG,6665000.0
512,2000,Colombia,1,1,Australia,86186158685.0,COL,40403958.0
513,2000,Costa Rica,1,2,Australia,,CRC,3937.739000000001
514,2000,Croatia,10,10,Australia,,HRV,4426000.0
515,2000,Cuba,65,65,Australia,28364615242.0,CUB,11150736.0
516,2000,Czech Republic,9,9,Australia,64867483193.0,CZE,10255063.0
517,2000,Denmark,25,25,Australia,,DNK,5339616.0
518,2000,Estonia,3,3,Australia,5726897998.0,EST,1396985.0
519,2000,Ethiopia,7,8,Australia,7700833482.0,ETH,66537331.0
520,2000,Finland,5,5,Australia,135226000000.0,FIN,5176209.0
521,2000,France,61,66,Australia,1500280000000.0,FRA,60912498.0
522,2000,Georgia,6,6,Australia,2800024314.0,GEO,4418300.0
523,2000,Germany,106,118,Australia,,DEU,82211508.0
524,2000,Greece,18,18,Australia,,GRC,10805808.0
525,2000,Hungary,49,53,Australia,49170434391.0,HUN,10210971.0
526,2000,Iceland,1,1,Australia,8931365461.0,ISL,281205.0
527,2000,India,1,1,Australia,452700000000.0,IND,1053050912.0
528,2000,Indonesia,8,8,Australia,,IDN,211540429.0
529,2000,Iran,4,4,Australia,,IRN,66131854.0
530,2000,Ireland,1,1,Australia,98691939591.0,IRL,3805174.0
531,2000,Israel,1,1,Australia,117190000000.0,ISR,6289000.0
532,2000,Italy,60,65,Australia,1248560000000.0,ITA,56942108.0
533,2000,Jamaica,17,23,Australia,8795765306.0,JAM,2656864.0
534,2000,Japan,41,44,Australia,4562080000000.0,JPN,126843000.0
535,2000,Kazakhstan,7,7,Australia,16870817135.0,KAZ,14883626.0
536,2000,Kenya,7,7,Australia,12896013577.0,KEN,31450483.0
537,2000,Kuwait,1,1,Australia,,KWT,2050741.0
538,2000,Kyrgyzstan,1,1,Australia,1249062025.0,KGZ,4898400.0
539,2000,Latvia,3,3,Australia,,LVA,2367550.0
540,2000,Lithuania,17,17,Australia,10972878636.0,LTU,3499536.0
541,2000,Macedonia,1,1,Australia,3673288264.0,MKD,2034819.0
542,2000,Mexico,6,6,Australia,579460000000.0,MEX,101719673.0
543,2000,Moldova,2,2,Australia,1170785048.0,MDA,3639592.0
544,2000,Morocco,5,5,Australia,41632027600.0,MAR,28849621.0
545,2000,Mozambique,1,1,Australia,5302532113.0,MOZ,18067687.0
546,2000,Netherlands,67,79,Australia,,NLD,15925513.0
547,2000,New Zealand,4,4,Australia,58761741658.0,NZL,3857700.0
548,2000,Nigeria,8,8,Australia,,NGA,122352009.0
549,2000,North Korea,4,4,Australia,92653477000.0,PRK,22929075.0
550,2000,Norway,42,43,Australia,162286000000.0,NOR,4490967.0
551,2000,Poland,23,24,Australia,169718000000.0,POL,38258629.0
552,2000,Portugal,2,2,Australia,,PRT,10289898.0
553,2000,Qatar,1,1,Australia,12393131868.0,QAT,592267.0
554,2000,Romania,35,46,Australia,36183003978.0,ROU,22442971.0
555,2000,Russia,168,187,Australia,195906000000.0,RUS,146596557.0
556,2000,Saudi Arabia,2,2,Australia,,SAU,20764312.0
557,2000,Serbia,25,25,Australia,,SRB,7694.605499999999
558,2000,Slovakia,5,6,Australia,30415095887.0,SVK,5388720.0
559,2000,Slovenia,3,3,Australia,,SVN,1988925.0
560,2000,South Africa,5,5,Australia,,ZAF,44896856.0
561,2000,South Korea,69,73,Australia,485248000000.0,KOR,47008111.0
562,2000,Spain,42,42,Australia,633194000000.0,ESP,40567864.0
563,2000,Sri Lanka,1,1,Australia,,LKA,18655000.0
564,2000,Sweden,30,32,Australia,270848000000.0,SWE,8872109.0
565,2000,Switzerland,13,14,Australia,,CHE,7184250.0
566,2000,Taiwan,5,5,Australia,,TPE,22332.869499999968
567,2000,Thailand,3,3,Australia,126669000000.0,THA,62958021.0
568,2000,Trinidad,1,2,Australia,6808982521.0,TTO,1267984.0
569,2000,Turkey,5,5,Australia,255884000000.0,TUR,63240121.0
570,2000,UK,53,54,Australia,1665620000000.0,GBR,58892514.0
571,2000,USA,213,242,Australia,9660620000000.0,USA,282162411.0
572,2000,Ukraine,32,35,Australia,31580639045.0,UKR,49175848.0
573,2000,Uruguay,1,1,Australia,,URY,3321245.0
574,2000,Uzbekistan,4,4,Australia,17078465982.0,UZB,24650400.0
575,2000,Vietnam,1,1,Australia,,VNM,77630900.0
576,2004,Argentina,49,49,Greece,127587000000.0,ARG,38728696.0
577,2004,Australia,134,157,Greece,466853000000.0,AUS,20127400.0
578,2004,Austria,7,8,Greece,261696000000.0,AUT,8171966.0
579,2004,Azerbaijan,5,5,Greece,7276013032.0,AZE,8306500.0
580,2004,Bahamas,2,2,Greece,,BHS,322526.0
581,2004,Belarus,15,15,Greece,17825436035.0,BLR,9730146.0
582,2004,Belgium,3,3,Greece,319003000000.0,BEL,10421137.0
583,2004,Brazil,40,40,Greece,558320000000.0,BRA,184738458.0
584,2004,Bulgaria,15,17,Greece,,BGR,7716860.0
585,2004,Cameroon,1,1,Greece,14548845765.0,CMR,16959081.0
586,2004,Canada,16,17,Greece,892381000000.0,CAN,31995000.0
587,2004,Chile,2,4,Greece,7332244898.0,CHI,153170.0
588,2004,China,89,96,Greece,1660290000000.0,CHN,1296075000.0
589,2004,China,89,96,Greece,1660290000000.0,HKG,6783500.0
590,2004,Colombia,2,2,Greece,94684584163.0,COL,42724163.0
591,2004,Croatia,21,21,Greece,,HRV,4439000.0
592,2004,Cuba,62,62,Greece,35901200000.0,CUB,11266941.0
593,2004,Czech Republic,13,13,Greece,99627140274.0,CZE,10197101.0
594,2004,Denmark,29,29,Greece,,DNK,5404523.0
595,2004,Dominican Republic,1,1,Greece,21277165886.0,DOM,9102998.0
596,2004,Egypt,5,5,Greece,82924503943.0,EGY,75381899.0
597,2004,Eritrea,1,1,Greece,870247703.0,ERI,
598,2004,Estonia,3,3,Greece,9833870709.0,EST,1362550.0
599,2004,Ethiopia,6,7,Greece,8623691300.0,ETH,74624405.0
600,2004,Finland,2,2,Greece,171071000000.0,FIN,5228172.0
601,2004,France,48,53,Greece,1848120000000.0,FRA,62704897.0
602,2004,Georgia,4,4,Greece,3991374549.0,GEO,4245000.0
603,2004,Germany,139,149,Greece,,DEU,82516260.0
604,2004,Greece,31,31,Greece,,GRC,10955141.0
605,2004,Hungary,38,40,Greece,85324771841.0,HUN,10107146.0
606,2004,India,1,1,Greece,599593000000.0,IND,1126135777.0
607,2004,Indonesia,5,5,Greece,,IDN,223614649.0
608,2004,Iran,6,6,Greece,,IRN,69617100.0
609,2004,Israel,2,2,Greece,126865000000.0,ISR,6809000.0
610,2004,Italy,101,104,Greece,1569650000000.0,ITA,57685327.0
611,2004,Jamaica,11,13,Greece,9399452788.0,JAM,2728777.0
612,2004,Japan,84,93,Greece,4445660000000.0,JPN,127761000.0
613,2004,Kazakhstan,8,8,Greece,30833699703.0,KAZ,15012985.0
614,2004,Kenya,7,7,Greece,14904517650.0,KEN,35074931.0
615,2004,Latvia,4,4,Greece,,LVA,2263122.0
616,2004,Lithuania,3,3,Greece,18802576988.0,LTU,3377075.0
617,2004,Mexico,4,4,Greece,713284000000.0,MEX,106995583.0
618,2004,Mongolia,1,1,Greece,,MNG,2496832.0
619,2004,Morocco,2,3,Greece,52064058834.0,MAR,30179285.0
620,2004,Netherlands,71,77,Greece,,NLD,16281779.0
621,2004,New Zealand,6,6,Greece,88250885550.0,NZL,4087500.0
622,2004,Nigeria,8,8,Greece,,NGA,135393616.0
623,2004,North Korea,5,5,Greece,120398998000.0,PRK,23729498.0
624,2004,Norway,6,7,Greece,228752000000.0,NOR,4591910.0
625,2004,Paraguay,17,17,Greece,,PRY,5703740.0
626,2004,Poland,10,12,Greece,217519000000.0,POL,38182222.0
627,2004,Portugal,3,3,Greece,,PRT,10483861.0
628,2004,Romania,29,39,Greece,59867801205.0,ROU,21451748.0
629,2004,Russia,177,189,Greece,430348000000.0,RUS,144067054.0
630,2004,Serbia,13,13,Greece,,SRB,7565.840999999999
631,2004,Slovakia,10,10,Greece,46731767494.0,SVK,5372280.0
632,2004,Slovenia,5,5,Greece,,SVN,1997012.0
633,2004,South Africa,8,10,Greece,,ZAF,47001700.99
634,2004,South Korea,49,52,Greece,680521000000.0,KOR,48082519.0
635,2004,Spain,27,30,Greece,906853000000.0,ESP,42921895.0
636,2004,Sweden,12,12,Greece,331109000000.0,SWE,8993531.0
637,2004,Switzerland,7,7,Greece,,CHE,7389625.0
638,2004,Syria,1,1,Greece,21828144686.0,SYR,17806638.0
639,2004,Taiwan,9,9,Greece,,TPE,22745.431
640,2004,Thailand,8,8,Greece,152281000000.0,THA,65002231.0
641,2004,Trinidad,1,1,Greece,11305459802.0,TTO,1290535.0
642,2004,Turkey,11,11,Greece,311823000000.0,TUR,67007855.0
643,2004,UK,51,57,Greece,2038400000000.0,GBR,59987905.0
644,2004,USA,214,263,Greece,11510700000000.0,USA,292805298.0
645,2004,Ukraine,46,47,Greece,50132953288.0,UKR,47451600.0
646,2004,United Arab Emirates,1,1,Greece,,ARE,4087931.0
647,2004,Uzbekistan,5,5,Greece,10128112401.0,UZB,25864350.0
648,2004,Venezuela,2,2,Greece,83620628582.0,VEN,26327225.0
649,2004,Zimbabwe,1,3,Greece,,ZWE,12777511.0
650,2008,Afghanistan,1,1,China,9843842455.0,AFG,27294031.0
651,2008,Algeria,2,2,China,,DZA,34860715.0
652,2008,Argentina,51,51,China,287531000000.0,ARG,40382389.0
653,2008,Armenia,6,6,China,9206301700.0,ARM,2908220.0
654,2008,Australia,124,149,China,853765000000.0,AUS,21249200.0
655,2008,Austria,3,3,China,388691000000.0,AUT,8321496.0
656,2008,Azerbaijan,7,7,China,33050343783.0,AZE,8763400.0
657,2008,Bahamas,7,7,China,,BHS,348676.0
658,2008,Belarus,27,29,China,45275747861.0,BLR,9527985.0
659,2008,Belgium,5,5,China,471821000000.0,BEL,10709973.0
660,2008,Brazil,77,78,China,1397080000000.0,BRA,192979029.0
661,2008,Bulgaria,5,5,China,,BGR,7492561.0
662,2008,Cameroon,1,1,China,22365265026.0,CMR,18907008.0
663,2008,Canada,34,35,China,1464980000000.0,CAN,33245773.0
664,2008,Chile,1,1,China,11514605842.0,CHI,157581.0
665,2008,China,157,184,China,3552180000000.0,CHN,1324655000.0
666,2008,China,157,184,China,3552180000000.0,HKG,6957800.0
667,2008,Colombia,2,2,China,207416000000.0,COL,44901544.0
668,2008,Croatia,5,5,China,,HRV,4434508.0
669,2008,Cuba,47,47,China,58603900000.0,CUB,11309754.0
670,2008,Czech Republic,6,7,China,189227000000.0,CZE,10384603.0
671,2008,Denmark,19,19,China,,DNK,5493621.0
672,2008,Dominican Republic,2,2,China,44169678153.0,DOM,9636520.0
673,2008,Ecuador,1,1,China,51007777000.0,ECU,14447562.0
674,2008,Egypt,1,1,China,130479000000.0,EGY,80953881.0
675,2008,Estonia,3,3,China,22237061730.0,EST,1337090.0
676,2008,Ethiopia,5,7,China,19707616773.0,ETH,83184892.0
677,2008,Finland,5,5,China,255385000000.0,FIN,5313399.0
678,2008,France,70,77,China,2663110000000.0,FRA,64374990.0
679,2008,Georgia,6,6,China,10172869680.0,GEO,4030000.0
680,2008,Germany,92,99,China,,DEU,82110097.0
681,2008,Greece,7,7,China,,GRC,11077841.0
682,2008,Hungary,23,27,China,139851000000.0,HUN,10038188.0
683,2008,Iceland,14,14,China,21295012099.0,ISL,317414.0
684,2008,India,3,3,China,1201110000000.0,IND,1197146906.0
685,2008,Indonesia,7,7,China,,IDN,236159276.0
686,2008,Iran,2,2,China,,IRN,72845542.0
687,2008,Ireland,3,3,China,269918000000.0,IRL,4489544.0
688,2008,Israel,1,1,China,178707000000.0,ISR,7308800.0
689,2008,Italy,39,42,China,2203050000000.0,ITA,58826731.0
690,2008,Jamaica,11,14,China,12824094990.0,JAM,2790122.0
691,2008,Japan,48,51,China,4515260000000.0,JPN,128063000.0
692,2008,Kazakhstan,13,13,China,104850000000.0,KAZ,15674000.0
693,2008,Kenya,15,15,China,31958195182.0,KEN,39148416.0
694,2008,Kyrgyzstan,2,2,China,3802566171.0,KGZ,5318700.0
695,2008,Latvia,3,3,China,,LVA,2177322.0
696,2008,Lithuania,5,5,China,39738180077.0,LTU,3198231.0
697,2008,Malaysia,1,1,China,,MYS,27111069.0
698,2008,Mauritius,1,1,China,,MUS,1244121.0
699,2008,Mexico,4,4,China,1043470000000.0,MEX,113661809.0
700,2008,Moldova,1,1,China,4401154128.0,MDA,3570108.0
701,2008,Mongolia,4,4,China,,MNG,2628131.0
702,2008,Morocco,2,2,China,79041294874.0,MAR,31596855.0
703,2008,Netherlands,60,61,China,,NLD,16445593.0
704,2008,New Zealand,14,15,China,137315000000.0,NZL,4259800.0
705,2008,Nigeria,23,23,China,,NGA,150347390.0
706,2008,North Korea,6,6,China,164846565808.5,PRK,24335146.0
707,2008,Norway,22,22,China,401083000000.0,NOR,4768212.0
708,2008,Panama,1,1,China,20958000000.0,PAN,3516268.0
709,2008,Poland,20,20,China,429250000000.0,POL,38125759.0
710,2008,Portugal,2,2,China,,PRT,10558177.0
711,2008,Romania,19,22,China,171537000000.0,ROU,20537875.0
712,2008,Russia,134,142,China,1299710000000.0,RUS,142742350.0
713,2008,Serbia,15,15,China,40289556656.0,SRB,7454.278999999999
714,2008,Singapore,3,3,China,179981000000.0,SGP,4839396.0
715,2008,Slovakia,10,10,China,86304245825.0,SVK,5379233.0
716,2008,Slovenia,5,5,China,,SVN,2021316.0
717,2008,South Africa,1,1,China,,ZAF,49557573.3
718,2008,South Korea,72,78,China,1122680000000.0,KOR,49054708.0
719,2008,Spain,66,70,China,1479340000000.0,ESP,45954106.0
720,2008,Sudan,1,1,China,,SDN,32955496.0
721,2008,Sweden,7,7,China,487816000000.0,SWE,9219637.0
722,2008,Switzerland,10,11,China,,CHE,7647675.0
723,2008,Taiwan,4,4,China,,TPE,23086.23900000001
724,2008,Tajikistan,2,2,China,3719497371.0,TJK,7309728.0
725,2008,Thailand,4,4,China,262943000000.0,THA,66545760.0
726,2008,Togo,1,1,China,,TGO,6161796.0
727,2008,Trinidad,5,6,China,21642304046.0,TTO,1315372.0
728,2008,Tunisia,1,1,China,38908069299.0,TUN,10407336.0
729,2008,Turkey,7,7,China,675770000000.0,TUR,70440032.0
730,2008,UK,74,81,China,3074360000000.0,GBR,61806995.0
731,2008,USA,263,317,China,14477600000000.0,USA,304093966.0
732,2008,Ukraine,31,31,China,142719000000.0,UKR,46258200.0
733,2008,Uzbekistan,6,6,China,22311393928.0,UZB,27302800.0
734,2008,Venezuela,1,1,China,230364000000.0,VEN,28141701.0
735,2008,Vietnam,1,1,China,,VNM,85118700.0
736,2008,Zimbabwe,1,4,China,,ZWE,13558469.0
737,2012,Afghanistan,1,1,England,17930239400.0,AFG,30696958.0
738,2012,Algeria,1,1,England,,DZA,37565847.0
739,2012,Argentina,19,19,England,530163000000.0,ARG,42096739.0
740,2012,Armenia,3,3,England,10142111334.0,ARM,2881922.0
741,2012,Australia,99,114,England,1390560000000.0,AUS,22728254.0
742,2012,Azerbaijan,10,10,England,65951627200.0,AZE,9295784.0
743,2012,Bahamas,4,4,England,,BHS,372039.0
744,2012,Bahrain,1,1,England,18525319978.0,BRN,399748.0
745,2012,Belarus,21,23,England,61757788945.0,BLR,9464495.0
746,2012,Belgium,3,3,England,527008000000.0,BEL,11128246.0
747,2012,Botswana,1,1,England,,BWA,2089315.0
748,2012,Brazil,59,59,England,2616200000000.0,BRA,200560983.0
749,2012,Bulgaria,2,2,England,,BGR,7305888.0
750,2012,Canada,55,55,England,1788650000000.0,CAN,34750545.0
751,2012,China,104,126,England,7572550000000.0,CHN,1350695000.0
752,2012,China,104,126,England,7572550000000.0,HKG,7154600.0
753,2012,Colombia,8,8,England,335415000000.0,COL,46881475.0
754,2012,Croatia,35,35,England,,HRV,4267558.0
755,2012,Cuba,14,14,England,68990000000.0,CUB,11382146.0
756,2012,Cyprus,1,1,England,27427161523.0,CYP,1135062.0
757,2012,Czech Republic,14,14,England,227948000000.0,CZE,10510785.0
758,2012,Denmark,16,16,England,,DNK,5591572.0
759,2012,Dominican Republic,2,2,England,57746684847.0,DOM,10154950.0
760,2012,Egypt,2,2,England,236002000000.0,EGY,87813257.0
761,2012,Estonia,2,2,England,23170239901.0,EST,1322696.0
762,2012,Ethiopia,6,7,England,31952763089.0,ETH,92444183.0
763,2012,Finland,5,5,England,273674000000.0,FIN,5413971.0
764,2012,France,74,82,England,2862680000000.0,FRA,65659790.0
765,2012,Gabon,1,1,England,18186479173.0,GAB,1756817.0
766,2012,Georgia,7,7,England,14434619982.0,GEO,3825000.0
767,2012,Germany,87,94,England,,DEU,80425823.0
768,2012,Greece,3,3,England,,GRC,11045011.0
769,2012,Grenada,1,1,England,,GRD,105481.0
770,2012,Guatemala,1,1,England,,GTM,15271056.0
771,2012,Hungary,23,26,England,140782000000.0,HUN,9920362.0
772,2012,India,6,6,England,1823050000000.0,IND,1263065852.0
773,2012,Indonesia,2,2,England,,IDN,248883232.0
774,2012,Iran,12,12,England,,IRN,76453574.0
775,2012,Ireland,5,5,England,239019000000.0,IRL,4586897.0
776,2012,Italy,63,68,England,2276290000000.0,ITA,59539717.0
777,2012,Jamaica,18,25,England,14439910353.0,JAM,2840992.0
778,2012,Japan,76,84,England,6157460000000.0,JPN,127629000.0
779,2012,Kazakhstan,13,13,England,192627000000.0,KAZ,16791425.0
780,2012,Kenya,10,11,England,41953433591.0,KEN,43646629.0
781,2012,Kuwait,1,1,England,,KWT,3395556.0
782,2012,Latvia,3,3,England,,LVA,2034319.0
783,2012,Lithuania,5,5,England,43476878139.0,LTU,2987773.0
784,2012,Malaysia,2,2,England,,MYS,29170456.0
785,2012,Mexico,24,24,England,1171190000000.0,MEX,120828307.0
786,2012,Moldova,2,2,England,7015206498.0,MDA,3559519.0
787,2012,Mongolia,5,5,England,,MNG,2814226.0
788,2012,Montenegro,14,14,England,4538198499.0,MNE,620601.0
789,2012,Morocco,1,1,England,101370000000.0,MAR,33333789.0
790,2012,Netherlands,64,69,England,,NLD,16754962.0
791,2012,New Zealand,27,27,England,168462000000.0,NZL,4408100.0
792,2012,North Korea,6,6,England,172623500000.0,PRK,24854034.0
793,2012,Norway,17,17,England,498832000000.0,NOR,5018573.0
794,2012,Poland,12,12,England,528725000000.0,POL,38063164.0
795,2012,Portugal,2,2,England,,PRT,10514844.0
796,2012,Puerto Rico,2,2,England,,PRI,3634488.0
797,2012,Qatar,2,2,England,167775000000.0,QAT,2109568.0
798,2012,Romania,14,16,England,185363000000.0,ROU,20058035.0
799,2012,Russia,129,140,England,2051660000000.0,RUS,143201676.0
800,2012,Saudi Arabia,4,4,England,,SAU,29086357.0
801,2012,Serbia,16,16,England,46466728667.0,SRB,7324.623
802,2012,Singapore,3,4,England,275599000000.0,SGP,5312437.0
803,2012,Slovakia,5,5,England,98181259740.0,SVK,5407579.0
804,2012,Slovenia,5,5,England,,SVN,2057159.0
805,2012,South Africa,8,9,England,,ZAF,52506515.08
806,2012,South Korea,57,61,England,1202460000000.0,KOR,50199853.0
807,2012,Spain,60,63,England,1488070000000.0,ESP,46773055.0
808,2012,Sweden,22,22,England,563110000000.0,SWE,9519374.0
809,2012,Switzerland,4,4,England,,CHE,7996861.0
810,2012,Taiwan,2,2,England,,TPE,23345.961000000007
811,2012,Tajikistan,1,1,England,6522732203.0,TJK,7995062.0
812,2012,Thailand,3,3,England,370819000000.0,THA,67843979.0
813,2012,Trinidad,9,10,England,25433011405.0,TTO,1341588.0
814,2012,Tunisia,2,3,England,45810626509.0,TUN,10886668.0
815,2012,Turkey,5,5,England,832546000000.0,TUR,74569867.0
816,2012,UK,114,126,England,2619700000000.0,GBR,63700300.0
817,2012,USA,201,248,England,15517900000000.0,USA,313998379.0
818,2012,Uganda,1,1,England,20176751242.0,UGA,36306796.0
819,2012,Ukraine,24,26,England,163160000000.0,UKR,45593300.0
820,2012,Uzbekistan,3,3,England,45915191189.0,UZB,29774500.0
821,2012,Venezuela,1,1,England,316482000000.0,VEN,29893080.0
822,2016,Algeria,1,2,Brazil,,DZA,40606052.0
823,2016,Argentina,22,22,Brazil,584711000000.0,ARG,43847430.0
824,2016,Armenia,4,4,Brazil,10553337673.0,ARM,2924816.0
825,2016,Australia,71,82,Brazil,1345380000000.0,AUS,24127159.0
826,2016,Austria,2,2,Brazil,382066000000.0,AUT,8747358.0
827,2016,Azerbaijan,18,18,Brazil,53074370486.0,AZE,9762274.0
828,2016,Bahamas,6,6,Brazil,,BHS,391232.0
829,2016,Bahrain,2,2,Brazil,12930394938.0,BRN,423196.0
830,2016,Belarus,12,12,Brazil,56454734397.0,BLR,9507120.0
831,2016,Belgium,21,21,Brazil,455200000000.0,BEL,11348159.0
832,2016,Brazil,48,50,Brazil,1803650000000.0,BRA,207652865.0
833,2016,Bulgaria,7,7,Brazil,,BGR,7127822.0
834,2016,Burundi,1,1,Brazil,3066681387.0,BDI,10524117.0
835,2016,Canada,62,69,Brazil,1552810000000.0,CAN,36286425.0
836,2016,China,100,113,Brazil,11064700000000.0,CHN,1378665000.0
837,2016,China,100,113,Brazil,11064700000000.0,HKG,7346700.0
838,2016,Colombia,8,8,Brazil,291520000000.0,COL,48653419.0
839,2016,Croatia,24,24,Brazil,,HRV,4170600.0
840,2016,Cuba,11,11,Brazil,87132800000.0,CUB,11475982.0
841,2016,Czech Republic,14,15,Brazil,186830000000.0,CZE,10561633.0
842,2016,Denmark,39,41,Brazil,,DNK,5731118.0
843,2016,Dominican Republic,1,1,Brazil,68102618092.0,DOM,10648791.0
844,2016,Egypt,3,3,Brazil,332698000000.0,EGY,95688681.0
845,2016,Estonia,4,4,Brazil,22566956982.0,EST,1316481.0
846,2016,Ethiopia,7,8,Brazil,64464547915.0,ETH,102403196.0
847,2016,Fiji,13,13,Brazil,,FJI,898760.0
848,2016,Finland,1,1,Brazil,232439000000.0,FIN,5495096.0
849,2016,France,93,96,Brazil,2433560000000.0,FRA,66896109.0
850,2016,Georgia,7,7,Brazil,13993546732.0,GEO,3719300.0
851,2016,Germany,150,159,Brazil,,DEU,82667685.0
852,2016,Greece,6,7,Brazil,,GRC,10746740.0
853,2016,Grenada,1,1,Brazil,,GRD,107317.0
854,2016,Hungary,15,22,Brazil,122879000000.0,HUN,9817958.0
855,2016,India,2,2,Brazil,2089870000000.0,IND,1324171354.0
856,2016,Individual Olympic Athletes,2,2,Brazil,,IOA,
857,2016,Indonesia,4,4,Brazil,,IDN,261115456.0
858,2016,Iran,8,8,Brazil,,IRN,80277428.0
859,2016,Ireland,3,3,Brazil,290617000000.0,IRL,4773095.0
860,2016,Israel,2,2,Brazil,299096000000.0,ISR,8547100.0
861,2016,Italy,69,72,Brazil,1832350000000.0,ITA,60600590.0
862,2016,Ivory Coast,2,2,Brazil,33145096414.0,CIV,23695919.0
863,2016,Jamaica,24,30,Brazil,14186886643.0,JAM,2881355.0
864,2016,Japan,57,64,Brazil,4383080000000.0,JPN,126994511.0
865,2016,Jordan,1,1,Brazil,37517410282.0,JOR,9455802.0
866,2016,Kazakhstan,18,18,Brazil,184388000000.0,KAZ,17797032.0
867,2016,Kenya,12,13,Brazil,63767539357.0,KEN,48461567.0
868,2016,Kosovo,1,1,Brazil,,XKX,1816200.0
869,2016,Lithuania,7,7,Brazil,41402022148.0,LTU,2872298.0
870,2016,Malaysia,8,8,Brazil,,MYS,31187265.0
871,2016,Mexico,5,5,Brazil,1152260000000.0,MEX,127540423.0
872,2016,Mongolia,2,2,Brazil,,MNG,3027398.0
873,2016,Morocco,1,1,Brazil,101187000000.0,MAR,35276786.0
874,2016,Netherlands,46,47,Brazil,,NLD,17018408.0
875,2016,New Zealand,35,36,Brazil,175563000000.0,NZL,4692700.0
876,2016,Niger,1,1,Brazil,,NER,20672987.0
877,2016,Nigeria,18,18,Brazil,,NGA,185989640.0
878,2016,North Korea,7,7,Brazil,566533333333.3334,PRK,25368620.0
879,2016,Norway,19,19,Brazil,386663000000.0,NOR,5232929.0
880,2016,Philippines,1,1,Brazil,,PHL,103320222.0
881,2016,Poland,16,16,Brazil,477280000000.0,POL,37948016.0
882,2016,Portugal,1,1,Brazil,,PRT,10324611.0
883,2016,Puerto Rico,1,1,Brazil,,PRI,3411307.0
884,2016,Qatar,1,1,Brazil,164641000000.0,QAT,2569804.0
885,2016,Romania,16,16,Brazil,177911000000.0,ROU,19705301.0
886,2016,Russia,103,115,Brazil,1365860000000.0,RUS,144342396.0
887,2016,Serbia,54,54,Brazil,37160332465.0,SRB,7126.083000000006
888,2016,Singapore,1,1,Brazil,296841000000.0,SGP,5607283.0
889,2016,Slovakia,8,8,Brazil,87501423882.0,SVK,5428704.0
890,2016,Slovenia,4,4,Brazil,,SVN,2064845.0
891,2016,South Africa,22,23,Brazil,,ZAF,55908865.0
892,2016,South Korea,23,26,Brazil,1382760000000.0,KOR,51245707.0
893,2016,Spain,43,45,Brazil,1197790000000.0,ESP,46443959.0
894,2016,Sweden,26,28,Brazil,497918000000.0,SWE,9903122.0
895,2016,Switzerland,11,11,Brazil,,CHE,8372098.0
896,2016,Taiwan,5,5,Brazil,,TPE,23586.142499999987
897,2016,Tajikistan,1,1,Brazil,7853450374.0,TJK,8734951.0
898,2016,Thailand,6,6,Brazil,399235000000.0,THA,68863514.0
899,2016,Trinidad,1,1,Brazil,23559224762.0,TTO,1364962.0
900,2016,Tunisia,3,3,Brazil,43156708809.0,TUN,11403248.0
901,2016,Turkey,8,8,Brazil,859794000000.0,TUR,79512426.0
902,2016,UK,130,145,Brazil,2885570000000.0,GBR,65637239.0
903,2016,USA,211,264,Brazil,18120700000000.0,USA,323127513.0
904,2016,Ukraine,13,15,Brazil,91030959455.0,UKR,45004645.0
905,2016,United Arab Emirates,1,1,Brazil,,ARE,9269612.0
906,2016,Uzbekistan,13,13,Brazil,66903804143.0,UZB,31848200.0
907,2016,Venezuela,3,3,Brazil,1758470504.0,VEN,31568179.0
908,2016,Vietnam,1,2,Brazil,,VNM,92701100.0
